{
  "project_info": {
    "project_number": "238683018968",
    "project_id": "dibnews",
    "storage_bucket": "dibnews.appspot.com"
  },
  "client": [
    {
      "client_info": {
        "mobilesdk_app_id": "1:238683018968:android:68c9a74763d23de88fe9ad",
        "android_client_info": {
          "package_name": "ma.map.dibnews"
        }
      },
      "oauth_client": [
        {
          "client_id": "238683018968-ahraqg5f4m241em6s3p40i132u953vr5.apps.googleusercontent.com",
          "client_type": 3
        }
      ],
      "api_key": [
        {
          "current_key": "AIzaSyCnyk6Ebqv_5SuCAiguC_rih7s9OH0_Bcc"
        }
      ],
      "services": {
        "appinvite_service": {
          "other_platform_oauth_client": [
            {
              "client_id": "238683018968-ahraqg5f4m241em6s3p40i132u953vr5.apps.googleusercontent.com",
              "client_type": 3
            }
          ]
        }
      }
    }
  ],
  "configuration_version": "1"
}