{
  "project_info": {
    "project_number": "441837837224",
    "firebase_url": "https://thecandy-2041a.firebaseio.com",
    "project_id": "thecandy-2041a",
    "storage_bucket": "thecandy-2041a.appspot.com"
  },
  "client": [
    {
      "client_info": {
        "mobilesdk_app_id": "1:441837837224:android:03e7b9cc6517bea2299b9d",
        "android_client_info": {
          "package_name": "com.candy.driver"
        }
      },
      "oauth_client": [
        {
          "client_id": "441837837224-83n3irkvrjaif4lu8pnf3mo4ufpo07g8.apps.googleusercontent.com",
          "client_type": 3
        }
      ],
      "api_key": [
        {
          "current_key": "AIzaSyDxzr-K0MSiCMtxvZDeXNSf-7chICGHT_g"
        }
      ],
      "services": {
        "appinvite_service": {
          "other_platform_oauth_client": [
            {
              "client_id": "441837837224-83n3irkvrjaif4lu8pnf3mo4ufpo07g8.apps.googleusercontent.com",
              "client_type": 3
            },
            {
              "client_id": "441837837224-1prfch3rfp6khfcb9ir6hsgo7sft6q1o.apps.googleusercontent.com",
              "client_type": 2,
              "ios_info": {
                "bundle_id": "com.candy.rider"
              }
            }
          ]
        }
      }
    },
    {
      "client_info": {
        "mobilesdk_app_id": "1:441837837224:android:9e616449268efe7b299b9d",
        "android_client_info": {
          "package_name": "com.candy.rider"
        }
      },
      "oauth_client": [
        {
          "client_id": "441837837224-pj16van2efn43fm77n2vmao49f3oudh9.apps.googleusercontent.com",
          "client_type": 1,
          "android_info": {
            "package_name": "com.candy.rider",
            "certificate_hash": "62a867967d9019a5ff987085264405a51820ad62"
          }
        },
        {
          "client_id": "441837837224-83n3irkvrjaif4lu8pnf3mo4ufpo07g8.apps.googleusercontent.com",
          "client_type": 3
        }
      ],
      "api_key": [
        {
          "current_key": "AIzaSyDxzr-K0MSiCMtxvZDeXNSf-7chICGHT_g"
        }
      ],
      "services": {
        "appinvite_service": {
          "other_platform_oauth_client": [
            {
              "client_id": "441837837224-83n3irkvrjaif4lu8pnf3mo4ufpo07g8.apps.googleusercontent.com",
              "client_type": 3
            },
            {
              "client_id": "441837837224-1prfch3rfp6khfcb9ir6hsgo7sft6q1o.apps.googleusercontent.com",
              "client_type": 2,
              "ios_info": {
                "bundle_id": "com.candy.rider"
              }
            }
          ]
        }
      }
    },
    {
      "client_info": {
        "mobilesdk_app_id": "1:441837837224:android:36f66d6f3167c672299b9d",
        "android_client_info": {
          "package_name": "com.sss.thecandy"
        }
      },
      "oauth_client": [
        {
          "client_id": "441837837224-3eadhpnc9n0cgijalos8mmpca1h42t6f.apps.googleusercontent.com",
          "client_type": 1,
          "android_info": {
            "package_name": "com.sss.thecandy",
            "certificate_hash": "6ab4ff1262bc2a9519181f8f7e8526cd0d165475"
          }
        },
        {
          "client_id": "441837837224-gtj2cgikokpp0qea6kvc5d7no2trhqof.apps.googleusercontent.com",
          "client_type": 1,
          "android_info": {
            "package_name": "com.sss.thecandy",
            "certificate_hash": "62a867967d9019a5ff987085264405a51820ad62"
          }
        },
        {
          "client_id": "441837837224-83n3irkvrjaif4lu8pnf3mo4ufpo07g8.apps.googleusercontent.com",
          "client_type": 3
        }
      ],
      "api_key": [
        {
          "current_key": "AIzaSyDxzr-K0MSiCMtxvZDeXNSf-7chICGHT_g"
        }
      ],
      "services": {
        "appinvite_service": {
          "other_platform_oauth_client": [
            {
              "client_id": "441837837224-83n3irkvrjaif4lu8pnf3mo4ufpo07g8.apps.googleusercontent.com",
              "client_type": 3
            },
            {
              "client_id": "441837837224-1prfch3rfp6khfcb9ir6hsgo7sft6q1o.apps.googleusercontent.com",
              "client_type": 2,
              "ios_info": {
                "bundle_id": "com.candy.rider"
              }
            }
          ]
        }
      }
    },
    {
      "client_info": {
        "mobilesdk_app_id": "1:441837837224:android:732366ac2deb9208299b9d",
        "android_client_info": {
          "package_name": "com.ssscandy.driver"
        }
      },
      "oauth_client": [
        {
          "client_id": "441837837224-83n3irkvrjaif4lu8pnf3mo4ufpo07g8.apps.googleusercontent.com",
          "client_type": 3
        }
      ],
      "api_key": [
        {
          "current_key": "AIzaSyDxzr-K0MSiCMtxvZDeXNSf-7chICGHT_g"
        }
      ],
      "services": {
        "appinvite_service": {
          "other_platform_oauth_client": [
            {
              "client_id": "441837837224-83n3irkvrjaif4lu8pnf3mo4ufpo07g8.apps.googleusercontent.com",
              "client_type": 3
            },
            {
              "client_id": "441837837224-1prfch3rfp6khfcb9ir6hsgo7sft6q1o.apps.googleusercontent.com",
              "client_type": 2,
              "ios_info": {
                "bundle_id": "com.candy.rider"
              }
            }
          ]
        }
      }
    }
  ],
  "configuration_version": "1"
}