{
  "project_info": {
    "project_number": "30760096106",
    "firebase_url": "https://efesesll.firebaseio.com",
    "project_id": "efesesll",
    "storage_bucket": "efesesll.appspot.com"
  },
  "client": [
    {
      "client_info": {
        "mobilesdk_app_id": "1:30760096106:android:f098f0d2f69fa15f589513",
        "android_client_info": {
          "package_name": "org.ifes.global"
        }
      },
      "oauth_client": [
        {
          "client_id": "30760096106-3860t5ed5l6nlejbjmao426lhh29cfd6.apps.googleusercontent.com",
          "client_type": 1,
          "android_info": {
            "package_name": "org.ifes.global",
            "certificate_hash": "67e38a5ff9c8ccf6a1081b1f9b17966984dbcd70"
          }
        },
        {
          "client_id": "30760096106-mh6m0dlgipk326pnrkgvnrp7kpe2fl52.apps.googleusercontent.com",
          "client_type": 3
        }
      ],
      "api_key": [
        {
          "current_key": "AIzaSyDSwt_5tLETUTs3Y33xVCAHLojMrjmoLtw"
        }
      ],
      "services": {
        "appinvite_service": {
          "other_platform_oauth_client": [
            {
              "client_id": "30760096106-mh6m0dlgipk326pnrkgvnrp7kpe2fl52.apps.googleusercontent.com",
              "client_type": 3
            },
            {
              "client_id": "30760096106-o1hfh4amp9viisk6t3797ol4go2tt9d6.apps.googleusercontent.com",
              "client_type": 2,
              "ios_info": {
                "bundle_id": "org.ifes.global",
                "app_store_id": "1508883765"
              }
            }
          ]
        }
      }
    }
  ],
  "configuration_version": "1"
}